{
  "IcoMoonType": "selection",
  "icons": [
    {
      "icon": {
        "paths": [
          "M621.619 687.002c13.722 13.875 13.722 36.301 0 50.074-13.722 13.824-35.891 13.926-49.613 0l-196.096-200.090c-13.722-13.824-13.722-36.198 0-50.125l196.096-200.090c13.67-13.824 35.891-13.824 49.613 0 13.722 13.875 13.722 36.301 0 50.074l-160.819 175.155 160.819 175.002z"
        ],
        "attrs": [],
        "isMulticolor": false,
        "isMulticolor2": false,
        "tags": [
          "chevron-small-left"
        ],
        "grid": 20
      },
      "attrs": [],
      "properties": {
        "id": 38,
        "order": 17,
        "prevSize": 20,
        "code": 59649,
        "name": "chevron-small-left"
      },
      "setIdx": 0,
      "setId": 2,
      "iconIdx": 37
    },
    {
      "icon": {
        "paths": [
          "M563.2 512l-160.819-175.104c-13.722-13.824-13.722-36.198 0-50.074 13.722-13.824 35.891-13.824 49.613 0l196.096 200.090c13.722 13.875 13.722 36.301 0 50.125l-196.096 200.090c-13.67 13.926-35.891 13.824-49.613 0-13.722-13.773-13.722-36.198 0-50.074l160.819-175.053z"
        ],
        "attrs": [],
        "isMulticolor": false,
        "isMulticolor2": false,
        "tags": [
          "chevron-small-right"
        ],
        "grid": 20
      },
      "attrs": [],
      "properties": {
        "id": 39,
        "order": 18,
        "prevSize": 20,
        "code": 59650,
        "name": "chevron-small-right"
      },
      "setIdx": 0,
      "setId": 2,
      "iconIdx": 38
    },
    {
      "icon": {
        "paths": [
          "M768 153.6h-102.4c-28.314 0-51.2 2.458-51.2 30.72v655.36c0 28.262 22.886 30.72 51.2 30.72h102.4c28.314 0 51.2-2.458 51.2-30.72v-655.36c0-28.262-22.886-30.72-51.2-30.72zM358.4 153.6h-102.4c-28.314 0-51.2 2.458-51.2 30.72v655.36c0 28.262 22.886 30.72 51.2 30.72h102.4c28.314 0 51.2-2.458 51.2-30.72v-655.36c0-28.262-22.886-30.72-51.2-30.72z"
        ],
        "attrs": [],
        "isMulticolor": false,
        "isMulticolor2": false,
        "tags": [
          "controller-paus"
        ],
        "grid": 20
      },
      "attrs": [],
      "properties": {
        "id": 54,
        "order": 19,
        "prevSize": 20,
        "code": 59651,
        "name": "controller-paus"
      },
      "setIdx": 0,
      "setId": 2,
      "iconIdx": 53
    },
    {
      "icon": {
        "paths": [
          "M768 512.051c0 15.309-15.616 26.317-15.616 26.317l-438.323 271.514c-31.949 20.941-58.061 5.427-58.061-34.253v-527.206c0-39.782 26.112-55.194 58.112-34.304l438.323 271.616c-0.051 0 15.565 11.008 15.565 26.317z"
        ],
        "attrs": [],
        "isMulticolor": false,
        "isMulticolor2": false,
        "tags": [
          "controller-play"
        ],
        "grid": 20
      },
      "attrs": [],
      "properties": {
        "id": 55,
        "order": 20,
        "prevSize": 20,
        "code": 59652,
        "name": "controller-play"
      },
      "setIdx": 0,
      "setId": 2,
      "iconIdx": 54
    },
    {
      "icon": {
        "paths": [
          "M512 153.6c-197.939 0-358.4 160.41-358.4 358.4 0 197.888 160.461 358.4 358.4 358.4s358.4-160.512 358.4-358.4c0-197.99-160.461-358.4-358.4-358.4z"
        ],
        "attrs": [],
        "isMulticolor": false,
        "isMulticolor2": false,
        "tags": [
          "controller-record"
        ],
        "grid": 20
      },
      "attrs": [],
      "properties": {
        "id": 56,
        "order": 21,
        "prevSize": 20,
        "code": 59653,
        "name": "controller-record"
      },
      "setIdx": 0,
      "setId": 2,
      "iconIdx": 55
    },
    {
      "icon": {
        "paths": [
          "M512 409.6c-84.838 0-153.6 68.813-153.6 153.6s68.762 153.6 153.6 153.6c84.787 0 153.6-68.813 153.6-153.6s-68.813-153.6-153.6-153.6zM921.6 256h-122.88c-16.896 0-35.123-13.107-40.397-29.184l-31.795-95.283c-5.376-16.026-23.501-29.133-40.448-29.133h-348.16c-16.896 0-35.123 13.107-40.397 29.082l-31.846 95.334c-5.325 16.077-23.501 29.184-40.397 29.184h-122.88c-56.32 0-102.4 46.080-102.4 102.4v460.8c0 56.32 46.080 102.4 102.4 102.4h819.2c56.32 0 102.4-46.080 102.4-102.4v-460.8c0-56.32-46.080-102.4-102.4-102.4zM512 819.2c-141.414 0-256-114.586-256-256s114.586-256 256-256c141.363 0 256 114.586 256 256s-114.637 256-256 256zM896 419.84c-19.814 0-35.84-16.077-35.84-35.891 0-19.712 16.026-35.84 35.84-35.84s35.84 16.077 35.84 35.84c0 19.814-16.026 35.891-35.84 35.891z"
        ],
        "attrs": [],
        "isMulticolor": false,
        "isMulticolor2": false,
        "tags": [
          "camera"
        ],
        "grid": 20
      },
      "attrs": [],
      "properties": {
        "id": 123,
        "order": 22,
        "prevSize": 20,
        "code": 59654,
        "name": "camera"
      },
      "setIdx": 0,
      "setId": 2,
      "iconIdx": 122
    },
    {
      "icon": {
        "paths": [
          "M512 102.861c-141.414 0-256 114.125-256 255.488 0 244.429 256 563.2 256 563.2s256-318.822 256-563.2c0-141.312-114.586-255.488-256-255.488zM512 499.712c-76.39 0-138.24-61.901-138.24-138.24s61.85-138.24 138.24-138.24c76.288 0 138.189 61.901 138.189 138.24s-61.901 138.24-138.189 138.24z"
        ],
        "attrs": [],
        "isMulticolor": false,
        "isMulticolor2": false,
        "tags": [
          "location-pin"
        ],
        "grid": 20
      },
      "attrs": [],
      "properties": {
        "id": 210,
        "order": 24,
        "prevSize": 20,
        "code": 59655,
        "name": "location-pin"
      },
      "setIdx": 0,
      "setId": 2,
      "iconIdx": 209
    },
    {
      "icon": {
        "paths": [
          "M991.59 926.822l-69.99-210.022h-76.8l42.65 204.8h-750.899l42.65-204.8h-76.8l-70.042 210.022c-17.766 53.453 13.722 97.178 70.042 97.178h819.2c56.32 0 87.808-43.725 69.99-97.178zM768 256c0-141.363-114.586-256-256-256s-256 114.637-256 256c0 244.48 256 512 256 512s256-267.52 256-512zM373.76 259.072c0-76.339 61.85-138.189 138.24-138.189s138.24 61.85 138.24 138.189c0 76.39-61.901 138.24-138.24 138.24s-138.24-61.901-138.24-138.24z"
        ],
        "attrs": [],
        "isMulticolor": false,
        "isMulticolor2": false,
        "tags": [
          "location"
        ],
        "grid": 20
      },
      "attrs": [],
      "properties": {
        "id": 211,
        "order": 23,
        "prevSize": 20,
        "code": 59656,
        "name": "location"
      },
      "setIdx": 0,
      "setId": 2,
      "iconIdx": 210
    },
    {
      "icon": {
        "paths": [
          "M898.304 791.91l-193.485-193.485c29.184-47.872 45.978-104.192 45.978-164.352 0-174.95-151.603-326.502-326.554-326.502-174.95-0.051-316.723 141.773-316.723 316.723 0 174.899 151.603 326.502 326.502 326.502 58.214 0 112.64-15.821 159.488-43.213l194.509 194.611c19.046 18.995 49.92 18.995 68.915 0l48.282-48.282c18.995-18.995 12.083-43.008-6.912-62.003zM205.005 424.294c0-121.139 98.15-219.29 219.238-219.29 121.139 0 229.069 107.878 229.069 229.069 0 121.088-98.202 219.29-219.29 219.29-121.139-0.051-229.018-107.981-229.018-229.069z"
        ],
        "attrs": [],
        "isMulticolor": false,
        "isMulticolor2": false,
        "tags": [
          "magnifying-glass"
        ],
        "grid": 20
      },
      "attrs": [],
      "properties": {
        "id": 218,
        "order": 25,
        "prevSize": 20,
        "code": 59657,
        "name": "magnifying-glass"
      },
      "setIdx": 0,
      "setId": 2,
      "iconIdx": 217
    },
    {
      "icon": {
        "paths": [
          "M839.68 460.8h-655.36c-28.262 0-30.72 22.886-30.72 51.2s2.458 51.2 30.72 51.2h655.36c28.262 0 30.72-22.886 30.72-51.2s-2.458-51.2-30.72-51.2zM839.68 665.6h-655.36c-28.262 0-30.72 22.886-30.72 51.2s2.458 51.2 30.72 51.2h655.36c28.262 0 30.72-22.886 30.72-51.2s-2.458-51.2-30.72-51.2zM184.32 358.4h655.36c28.262 0 30.72-22.886 30.72-51.2s-2.458-51.2-30.72-51.2h-655.36c-28.262 0-30.72 22.886-30.72 51.2s2.458 51.2 30.72 51.2z"
        ],
        "attrs": [],
        "isMulticolor": false,
        "isMulticolor2": false,
        "tags": [
          "menu"
        ],
        "grid": 20
      },
      "attrs": [],
      "properties": {
        "id": 225,
        "order": 3,
        "prevSize": 20,
        "code": 59648,
        "name": "menu"
      },
      "setIdx": 0,
      "setId": 2,
      "iconIdx": 224
    },
    {
      "icon": {
        "paths": [
          "M955.955 616.294c6.758-31.898 10.394-65.126 10.394-99.226 0-255.283-201.216-462.285-449.382-462.285-26.163 0-51.814 2.406-76.8 6.81-40.192-26.010-87.654-41.114-138.598-41.114-143.923 0-260.608 120.013-260.608 268.134 0 49.408 13.107 95.795 35.789 135.578-5.939 30.003-9.114 61.133-9.114 92.928 0 255.283 201.216 462.285 449.28 462.285 28.211 0 55.654-2.611 82.278-7.68 36.71 20.275 78.592 31.795 123.187 31.795 143.923 0 260.608-120.013 260.608-268.083 0.051-42.854-9.728-83.251-27.034-119.142zM747.469 738.099c-20.787 30.208-51.507 54.221-91.29 71.219-39.373 16.896-86.63 25.395-140.39 25.395-64.512 0-118.63-11.622-160.922-34.714-30.208-16.794-55.091-39.475-73.984-67.482-19.046-28.416-28.723-56.525-28.723-83.61 0-16.896 6.298-31.59 18.688-43.622 12.288-11.878 28.109-18.022 46.899-18.022 15.411 0 28.774 4.813 39.578 14.182 10.342 9.011 19.2 22.426 26.317 39.578 7.987 18.79 16.691 34.611 25.856 47.104 8.806 11.981 21.504 22.118 37.632 30.003 16.282 7.885 38.298 11.878 65.28 11.878 37.12 0 67.584-8.090 90.522-24.218 22.426-15.821 33.28-34.611 33.28-57.702 0-18.278-5.683-32.614-17.408-43.878-12.186-11.674-28.416-20.89-47.923-27.187-20.429-6.502-48.179-13.619-82.483-20.992-46.592-10.291-86.17-22.477-117.709-36.198-32.256-14.080-58.214-33.69-77.21-58.214-19.2-24.73-29.030-55.91-29.030-92.518 0-34.918 10.24-66.406 30.515-93.594 20.122-26.88 49.408-47.872 87.194-62.31 37.274-14.182 81.715-21.402 131.891-21.402 40.090 0 75.418 4.813 104.806 14.182 29.594 9.523 54.579 22.323 74.189 38.093 19.814 15.923 34.509 32.922 43.725 50.483 9.318 17.92 14.080 35.584 14.080 52.787 0 16.486-6.195 31.488-18.483 44.595-12.288 13.21-27.802 19.814-46.080 19.814-16.589 0-29.696-4.198-38.707-12.39-8.397-7.578-17.203-19.61-26.829-36.71-11.213-21.914-24.781-39.219-40.346-51.302-15.104-11.878-40.346-17.92-75.059-17.92-32.205 0-58.419 6.707-77.773 19.814-18.842 12.749-27.904 27.238-27.904 44.339 0 10.598 2.97 19.405 9.011 26.88 6.4 8.090 15.411 15.104 26.778 20.992 11.776 6.144 23.91 10.957 36.096 14.438 12.493 3.584 33.485 8.806 62.208 15.718 36.403 7.987 69.786 16.998 99.277 26.675 29.952 9.882 55.808 22.016 76.902 36.096 21.504 14.49 38.605 33.024 50.637 55.091 12.134 22.221 18.278 49.613 18.278 81.408 0.051 38.144-10.547 72.806-31.386 103.219z"
        ],
        "attrs": [],
        "isMulticolor": false,
        "isMulticolor2": false,
        "tags": [
          "skype"
        ],
        "grid": 20
      },
      "attrs": [],
      "properties": {
        "id": 342,
        "order": 15,
        "prevSize": 20,
        "code": 59658,
        "name": "skype"
      },
      "setIdx": 0,
      "setId": 2,
      "iconIdx": 341
    },
    {
      "icon": {
        "paths": [
          "M870.4 51.2h-716.8c-56.32 0-102.4 46.080-102.4 102.4v716.8c0 56.371 46.080 102.4 102.4 102.4h358.4v-358.4h-102.4v-126.72h102.4v-104.96c0-110.797 62.054-188.621 192.819-188.621l92.314 0.102v133.376h-61.286c-50.893 0-70.246 38.195-70.246 73.626v86.528h131.482l-29.082 126.669h-102.4v358.4h204.8c56.32 0 102.4-46.029 102.4-102.4v-716.8c0-56.32-46.080-102.4-102.4-102.4z"
        ],
        "attrs": [],
        "isMulticolor": false,
        "isMulticolor2": false,
        "tags": [
          "facebook"
        ],
        "grid": 20
      },
      "attrs": [],
      "properties": {
        "id": 360,
        "order": 8,
        "prevSize": 20,
        "code": 59659,
        "name": "facebook"
      },
      "setIdx": 0,
      "setId": 2,
      "iconIdx": 359
    },
    {
      "icon": {
        "paths": [
          "M674.816 579.021c-36.762 0-66.56 41.318-66.56 92.109 0 50.893 29.798 92.211 66.56 92.211s66.56-41.318 66.56-92.211c-0.051-50.79-29.798-92.109-66.56-92.109zM906.547 339.251c7.629-18.688 7.936-124.877-32.512-226.611 0 0-92.723 10.189-233.011 106.496-29.44-8.192-79.258-12.186-128.973-12.186-49.818 0-99.584 3.994-129.024 12.186-140.339-96.307-233.062-106.496-233.062-106.496-40.397 101.734-39.987 207.923-32.461 226.611-47.514 51.61-76.544 113.613-76.544 198.195 0 367.923 305.306 373.811 382.31 373.811 17.51 0 52.122 0.102 88.781 0.102 36.608 0 71.27-0.102 88.678-0.102 77.107 0 382.31-5.888 382.31-373.811 0-84.582-28.979-146.586-76.493-198.195zM513.434 866.048h-2.867c-193.075 0-343.501-22.989-343.501-210.688 0-45.005 15.872-86.682 53.606-121.293 62.822-57.702 169.216-27.187 289.894-27.187 0.512 0 1.024 0 1.485 0 0.512 0 0.922 0 1.382 0 120.678 0 227.123-30.515 289.997 27.187 37.632 34.611 53.504 76.288 53.504 121.293 0 187.699-150.374 210.688-343.501 210.688zM349.235 579.021c-36.762 0-66.56 41.318-66.56 92.109 0 50.893 29.798 92.211 66.56 92.211 36.813 0 66.611-41.318 66.611-92.211 0-50.79-29.798-92.109-66.611-92.109z"
        ],
        "attrs": [],
        "isMulticolor": false,
        "isMulticolor2": false,
        "tags": [
          "github"
        ],
        "grid": 20
      },
      "attrs": [],
      "properties": {
        "id": 364,
        "order": 9,
        "prevSize": 20,
        "code": 59660,
        "name": "github"
      },
      "setIdx": 0,
      "setId": 2,
      "iconIdx": 363
    },
    {
      "icon": {
        "paths": [
          "M870.4 51.2h-716.8c-56.32 0-102.4 46.080-102.4 102.4v716.8c0 56.371 46.080 102.4 102.4 102.4h716.8c56.32 0 102.4-46.029 102.4-102.4v-716.8c0-56.32-46.080-102.4-102.4-102.4zM511.181 794.778c156.621 0 283.546-127.027 283.546-283.597 0-17.306-2.202-33.997-5.274-50.381h80.947v369.459c0 19.558-15.872 35.328-35.482 35.328h-645.837c-19.61-0-35.482-15.77-35.482-35.328v-369.459h79.309c-3.123 16.384-5.325 33.075-5.325 50.381 0 156.621 127.027 283.597 283.597 283.597zM333.978 511.181c0-97.894 79.36-177.203 177.254-177.203 97.843 0 177.254 79.309 177.254 177.203s-79.411 177.254-177.254 177.254c-97.946 0-177.254-79.36-177.254-177.254zM834.918 307.2h-82.688c-19.558 0-35.43-15.974-35.43-35.43v-82.79c0-19.558 15.872-35.379 35.379-35.379h82.688c19.661 0 35.533 15.821 35.533 35.379v82.739c0 19.507-15.872 35.482-35.482 35.482z"
        ],
        "attrs": [],
        "isMulticolor": false,
        "isMulticolor2": false,
        "tags": [
          "instagram"
        ],
        "grid": 20
      },
      "attrs": [],
      "properties": {
        "id": 368,
        "order": 13,
        "prevSize": 20,
        "code": 59661,
        "name": "instagram"
      },
      "setIdx": 0,
      "setId": 2,
      "iconIdx": 367
    },
    {
      "icon": {
        "paths": [
          "M798.72 931.635c-39.782 18.995-75.776 32.307-107.981 39.987-32.256 7.578-67.123 11.418-104.602 11.418-42.547 0-80.179-5.478-112.896-16.282-32.717-10.906-60.57-26.419-83.712-46.49-23.091-20.224-39.117-41.574-48.026-64.205-8.909-22.682-13.363-55.603-13.363-98.611v-330.496h-102.861v-133.325c36.557-11.981 67.891-29.184 93.952-51.712 26.112-22.426 47.002-49.408 62.822-80.896 15.77-31.386 26.573-71.475 32.563-120.064h132.352v238.182h220.877v147.814h-220.877v241.613c0 54.579 2.867 89.702 8.602 105.216 5.683 15.514 16.333 27.904 31.846 37.12 20.634 12.493 44.186 18.79 70.707 18.79 47.104 0 94.003-15.514 140.595-46.49v148.429z"
        ],
        "attrs": [],
        "isMulticolor": false,
        "isMulticolor2": false,
        "tags": [
          "tumblr"
        ],
        "grid": 20
      },
      "attrs": [],
      "properties": {
        "id": 379,
        "order": 4,
        "prevSize": 20,
        "code": 59662,
        "name": "tumblr"
      },
      "setIdx": 0,
      "setId": 2,
      "iconIdx": 378
    },
    {
      "icon": {
        "paths": [
          "M886.579 319.795c0.41 8.294 0.563 16.691 0.563 24.986 0 255.488-194.406 549.99-549.888 549.99-109.21 0-210.739-32-296.294-86.886 15.155 1.792 30.515 2.714 46.080 2.714 90.624 0 173.926-30.925 240.026-82.688-84.531-1.587-155.955-57.395-180.531-134.195 11.776 2.202 23.91 3.379 36.352 3.379 17.664 0 34.765-2.304 50.944-6.707-88.422-17.818-155.034-95.898-155.034-189.594 0-0.819 0-1.587 0-2.406 26.061 14.49 55.91 23.194 87.552 24.218-51.866-34.714-86.016-93.798-86.016-160.922 0-35.379 9.523-68.608 26.214-97.178 95.283 116.992 237.773 193.894 398.387 201.984-3.277-14.182-4.966-28.877-4.966-44.083 0-106.701 86.477-193.178 193.229-193.178 55.603 0 105.83 23.398 141.107 60.979 43.981-8.704 85.35-24.781 122.726-46.899-14.438 45.107-45.107 82.995-84.992 106.906 39.117-4.71 76.288-15.002 111.002-30.413-25.907 38.81-58.675 72.806-96.461 99.994z"
        ],
        "attrs": [],
        "isMulticolor": false,
        "isMulticolor2": false,
        "tags": [
          "twitter"
        ],
        "grid": 20
      },
      "attrs": [],
      "properties": {
        "id": 381,
        "order": 6,
        "prevSize": 20,
        "code": 59663,
        "name": "twitter"
      },
      "setIdx": 0,
      "setId": 2,
      "iconIdx": 380
    },
    {
      "icon": {
        "paths": [
          "M512 117.76c-503.194 0-512 44.749-512 394.24s8.806 394.24 512 394.24 512-44.749 512-394.24-8.806-394.24-512-394.24zM676.096 529.101l-229.888 107.315c-20.122 9.318-36.608-1.126-36.608-23.347v-202.138c0-22.17 16.486-32.666 36.608-23.347l229.888 107.315c20.122 9.421 20.122 24.781 0 34.202z"
        ],
        "attrs": [],
        "isMulticolor": false,
        "isMulticolor2": false,
        "tags": [
          "youtube"
        ],
        "grid": 20
      },
      "attrs": [],
      "properties": {
        "id": 385,
        "order": 7,
        "prevSize": 20,
        "code": 59664,
        "name": "youtube"
      },
      "setIdx": 0,
      "setId": 2,
      "iconIdx": 384
    }
  ],
  "height": 1024,
  "metadata": {
    "name": "icomoon"
  },
  "preferences": {
    "showGlyphs": true,
    "showQuickUse": true,
    "showQuickUse2": true,
    "showSVGs": true,
    "fontPref": {
      "prefix": "icon-",
      "metadata": {
        "fontFamily": "icomoon"
      },
      "metrics": {
        "emSize": 1024,
        "baseline": 6.25,
        "whitespace": 50
      },
      "embed": false
    },
    "imagePref": {
      "prefix": "icon-",
      "png": true,
      "useClassSelector": true,
      "color": 0,
      "bgColor": 16777215,
      "classSelector": ".icon"
    },
    "historySize": 50,
    "showCodes": true,
    "gridSize": 16
  }
}